source_id,source_name,lat,lon,total_co2_emissions_2025,source,year,total_capacity_2025,total_activity_2025,activity_units,capacity_units
1,AGARTALA GT,23.8712,91.3602,308193,Central Electricity Authority,Nov-25,135,524.23,GWh,MW
2,AKALTARA TPP,21.9603,82.4091,9434520,Central Electricity Authority,Nov-25,1800,9834.16,GWh,MW
3,AKRIMOTA LIG,23.7689,68.6447,146806,Central Electricity Authority,Nov-25,250,65.78,GWh,MW
7,AMAR KANTAK,23.1642,81.6373,1419294,Central Electricity Authority,Nov-25,210,1399.26,GWh,MW
8,AMARAVATI TPP,21.0782,77.9009,8282887,Central Electricity Authority,Nov-25,1350,8605.47,GWh,MW
10,"ANAPARA ""C""",24.2007,82.8,7239567,Central Electricity Authority,Nov-25,1200,7658.76,GWh,MW
13,ANPARA,24.201,82.7891,15190953,Central Electricity Authority,Nov-25,2630,15654.77,GWh,MW
14,ANTA GT,25.1797,76.3188,232831,Central Electricity Authority,Nov-25,419.33,399.72,GWh,MW
15,ANUPPUR TPP,23.0655,81.7865,7805751,Central Electricity Authority,Nov-25,1250,8016.45,GWh,MW
16,AURAIYA GT,26.6282,79.5286,315069,Central Electricity Authority,Nov-25,663.36,524.9,GWh,MW
17,AVANTHA BHANDAR TPP,21.7438,83.2741,3848827,Central Electricity Authority,Nov-25,600,4146.1,GWh,MW
24,BAKRESWAR,23.8285,87.4513,8154297,Central Electricity Authority,Nov-25,1050,7846.8,GWh,MW
26,BALCO TPP,22.3930944,82.7439443,3834683,Central Electricity Authority,Nov-25,600,3711.87,GWh,MW
27,BANDAKHAR TPP,22.3421,82.4305,1884675,Central Electricity Authority,Nov-25,300,1781,GWh,MW
28,BANDEL,22.9956,88.4042,2180381,Central Electricity Authority,Nov-25,270,1975.55,GWh,MW
34,BARADARHA TPP,21.9114,83.1889,7705902,Central Electricity Authority,Nov-25,1200,8442.04,GWh,MW
35,BARAMURA,23.807,91.565,3096,Central Electricity Authority,Nov-25,42,3.44,GWh,MW
36,BARAUNI,25.3999,86.0218,3576934,Central Electricity Authority,Nov-25,710,3285.99,GWh,MW
39,BARH STPP,25.4865,85.7452,15308659,Central Electricity Authority,Nov-25,1320,8789.19,GWh,MW
40,BARKHERA TPP,28.4723,79.8066,421217,Central Electricity Authority,Nov-25,90,352.57,GWh,MW
41,BARSINGAR LIGNITE,27.8453,73.2,1876287,Central Electricity Authority,Nov-25,250,1543.26,GWh,MW
47,BELLARY TPS,15.1932,76.7195,8360412,Central Electricity Authority,Nov-25,1700,7608.11,GWh,MW
49,BHADRADRI  TPP,18.027488,80.735645,4781721,Central Electricity Authority,Nov-25,1080,4801.03,GWh,MW
54,BHAVNAGAR TPP,21.5837,72.2222,1999484,Central Electricity Authority,Nov-25,500,1271.94,GWh,MW
58,BHILAI TPP,21.184,81.4237,3199936,Central Electricity Authority,Nov-25,500,3294.34,GWh,MW
62,BHUSAWAL,21.0483,75.8425,7072439,Central Electricity Authority,Nov-25,1870,6653.77,GWh,MW
63,BINA TPP,23.3172,78.1336,2862519,Central Electricity Authority,Nov-25,500,2756.51,GWh,MW
64,BINJKOTE,22.0103,83.2058,3616606,Central Electricity Authority,Nov-25,600,3322.3,GWh,MW
68,BOKARO A ''EXP'',23.6783,86.0888,2843767,Central Electricity Authority,Nov-25,500,2953.89,GWh,MW
71,BONGAIGAON TPP,26.5145,90.5287,4479559,Central Electricity Authority,Nov-25,750,4367.63,GWh,MW
73,BUDGE BUDGE,22.4673,88.14,4727300,Central Electricity Authority,Nov-25,750,5060.3,GWh,MW
76,CHAKABURA TPP,22.3932,82.5532,222422,Central Electricity Authority,Nov-25,30,162.28,GWh,MW
80,CHANDRAPUR_Coal,20.0063,79.29,14840233,Central Electricity Authority,Nov-25,2920,13603.3,GWh,MW
82,CHANDRAPURA,23.7376,86.1273,3133206,Central Electricity Authority,Nov-25,500,3126.48,GWh,MW
86,CHHABRA TPS,24.6217,77.0357,14064260,Central Electricity Authority,Nov-25,2320,13843.71,GWh,MW
92,D.P.L.,23.5211,87.3023,3825238,Central Electricity Authority,Nov-25,550,3496.69,GWh,MW
93,DADRI (NCTPP),28.603,77.6078,8886467,Central Electricity Authority,Nov-25,1820,9115.25,GWh,MW
94,DADRI GT,28.5932,77.6101,353184,Central Electricity Authority,Nov-25,829.78,651.26,GWh,MW
95,DAMODARAM SANJEEVAIAH,14.3444,80.1264,11955070,Central Electricity Authority,Nov-25,2400,11153.63,GWh,MW
96,DARLIPALLI STPP St-I,21.963554,83.89187,9908486,Central Electricity Authority,Nov-25,1600,11374.96,GWh,MW
98,DERANG,21.1238,84.9843,7991028,Central Electricity Authority,Nov-25,1200,8598.5,GWh,MW
99,DGEN MEGA CCCP,21.6923,72.6215,551064,Central Electricity Authority,Nov-25,1200,1594.54,GWh,MW
102,DHANU,19.9545,72.7478,2769399,Central Electricity Authority,Nov-25,500,2866.23,GWh,MW
103,DHARIWAL INF TPP,20.0102,79.2033,4079740,Central Electricity Authority,Nov-25,600,4255.99,GWh,MW
105,DHOLPUR,26.7024,77.8492,32716,Central Electricity Authority,Nov-25,330,45.59,GWh,MW
107,DHUVARAN CCPP,22.2396,72.752,166372,Central Electricity Authority,Nov-25,594.72,347.42,GWh,MW
109,DISHERGARH TPP,23.689366,86.854318,60805,Central Electricity Authority,Nov-25,12,36.53,GWh,MW
117,DURGAPUR STEEL TPS,23.58,87.2043,6356098,Central Electricity Authority,Nov-25,1000,6652.7,GWh,MW
120,EMCO GMR WARORA TPP,20.2723,78.9793,3892457,Central Electricity Authority,Nov-25,600,4112.02,GWh,MW
123,F_BAD CCPP,28.3452,77.3615,93109,Central Electricity Authority,Nov-25,431.59,201.6,GWh,MW
125,FARAKKA STPS,24.772,87.894,12961891,Central Electricity Authority,Nov-25,2100,12961.49,GWh,MW
127,GADARWARA,22.8618,78.8648,7671284,Central Electricity Authority,Nov-25,1600,8461.66,GWh,MW
129,GAMA CCPP  Module - 1,29.1411,78.9632,112848,Central Electricity Authority,Nov-25,225,273.7,GWh,MW
130,GANDHAR GT,21.8242,73.1136,354812,Central Electricity Authority,Nov-25,657.39,657.65,GWh,MW
132,GANDHI NAGAR,25.2502,72.6765,2356228,Central Electricity Authority,Nov-25,630,2099.55,GWh,MW
140,GHTP (LEH.MOH.),30.2666,75.1661,5141496,Central Electricity Authority,Nov-25,920,4458.85,GWh,MW
146,GOINDWAL SAHIB TPP,31.3841,75.1464,2901240,Central Electricity Authority,Nov-25,540,2757.01,GWh,MW
148,H_GANJ B,28.0179,78.1326,2405725,Central Electricity Authority,Nov-25,605,2234.47,GWh,MW
149,H_GANJ B EXP-II,28.0175,78.13,2417186,Central Electricity Authority,Nov-25,660,2708.62,GWh,MW
150,HALDIA,22.1042,88.1764,4085410,Central Electricity Authority,Nov-25,600,4444.57,GWh,MW
154,HAZIRA-GSECL,21.1652,72.6613,100153,Central Electricity Authority,Nov-25,351,237.37,GWh,MW
157,I.B.VALLEY,21.6872,83.86,10804358,Central Electricity Authority,Nov-25,1740,11868.92,GWh,MW
158,I.P.GT,28.6194,77.2504,141754,Central Electricity Authority,Nov-25,270,243.67,GWh,MW
162,"IEPL ,BELA TPP",20.8102,79.0556,1766048,Central Electricity Authority,Nov-25,270,1706.46,GWh,MW
163,"INDIA POWER TPP(HALDIA, HIRANMAYE )",22.0774,88.0995,1873345,Central Electricity Authority,Nov-25,300,1746.19,GWh,MW
165,ITPCL TPP,11.5214,79.7515,5947310,Central Electricity Authority,Nov-25,1200,6447.4,GWh,MW
166,IND BARATH TPP (UTKAL),21.658,83.92,1990497,Central Electricity Authority,Nov-25,350,1836.43,GWh,MW
167,INDRA GANDHI STPP,28.4849,76.3754,8056228,Central Electricity Authority,Nov-25,1500,8110.06,GWh,MW
170,JALLIPPA KAPURDI TPP,25.8888,71.3236,7328762,Central Electricity Authority,Nov-25,1080,6000.39,GWh,MW
171,JEGURUPADU GT,16.9312,81.86,15692,Central Electricity Authority,Nov-25,455.4,23.21,GWh,MW
173,JOJBERA,22.7554,86.2491,1624530,Central Electricity Authority,Nov-25,240,1533.3,GWh,MW
175,JSW RATNAGIRI TPP,17.297,73.212,1638119,Central Electricity Authority,Nov-25,300,1797.29,GWh,MW
177,K_GUDEM NEW,17.6219,80.6936,9551333,Central Electricity Authority,Nov-25,1800,10762.37,GWh,MW
178,K_KHEDA II,21.2818,79.116,8763225,Central Electricity Authority,Nov-25,1340,7996.51,GWh,MW
182,KAHALGAON,25.2349,87.2635,14907170,Central Electricity Authority,Nov-25,2340,15286.22,GWh,MW
184,KAKATIYA TPP,18.3835,79.8265,5717443,Central Electricity Authority,Nov-25,1100,6032.97,GWh,MW
189,KALISINDH,24.5295,76.0986,7123792,Central Electricity Authority,Nov-25,1200,7069.39,GWh,MW
191,KAMALANGA,20.87,85.2671,6983493,Central Electricity Authority,Nov-25,1050,7405.05,GWh,MW
194,KARAIKAL,10.9325,79.8216,118599,Central Electricity Authority,Nov-25,32.5,187.51,GWh,MW
199,KASAIPALLI,22.389,82.5549,1330453,Central Electricity Authority,Nov-25,270,1219.09,GWh,MW
202,KASHIPUR CCPP,29.154721,78.974029,217174,Central Electricity Authority,Nov-25,439,522.42,GWh,MW
204,KATHALGURI GT,27.341,95.408,911361,Central Electricity Authority,Nov-25,291,1521.89,GWh,MW
205,KAWAI TPP,24.7773,76.737,7760002,Central Electricity Authority,Nov-25,1320,8681.54,GWh,MW
206,KAWAS GT,21.175,72.6879,331531,Central Electricity Authority,Nov-25,656.2,590.85,GWh,MW
209,KHAMBERKHERA IPP,28.017,80.8307,426769,Central Electricity Authority,Nov-25,90,355.2,GWh,MW
212,KHARGONE STPP St-I,22.065169,75.851943,6107269,Central Electricity Authority,Nov-25,1320,6897.92,GWh,MW
219,KODERMA,24.3858,85.5517,6664107,Central Electricity Authority,Nov-25,1000,6951.38,GWh,MW
221,KOLAGHAT,22.4157,87.8713,5557321,Central Electricity Authority,Nov-25,840,5254.56,GWh,MW
226,KORADI,21.2414,79.096,12278057,Central Electricity Authority,Nov-25,2190,12612.31,GWh,MW
227,KORBA STPS,22.3881,82.6858,18319602,Central Electricity Authority,Nov-25,2600,19404.89,GWh,MW
228,KORBA-EAST,22.3828,82.7188,3378155,Central Electricity Authority,Nov-25,500,3423.22,GWh,MW
229,KORBA-WEST,22.4118,82.6888,8117724,Central Electricity Authority,Nov-25,1340,7617.87,GWh,MW
231,KOTA,25.1712,75.8171,8313546,Central Electricity Authority,Nov-25,1240,7767.5,GWh,MW
236,KUDGI,16.4994,75.8349,10099312,Central Electricity Authority,Nov-25,2400,11321.43,GWh,MW
240,KUNDARKI TPP,27.0786,82.0841,412043,Central Electricity Authority,Nov-25,90,342.96,GWh,MW
241,KUTCH LIG.,23.6626,68.7843,721648,Central Electricity Authority,Nov-25,150,411.22,GWh,MW
243,KUTTALAM GT,11.076,79.57,280416,Central Electricity Authority,Nov-25,100,607.94,GWh,MW
247,LAKWA GT,27.0221,94.8833,470617,Central Electricity Authority,Nov-25,166.96,887.56,GWh,MW
248,LARA,21.757,83.4573,10375606,Central Electricity Authority,Nov-25,1600,11957.43,GWh,MW
250,LALITPUR TPP,24.7971,78.6463,10661615,Central Electricity Authority,Nov-25,1980,11876.49,GWh,MW
266,MAHADEV PRASAD STPP,22.8395,86.0613,3504890,Central Electricity Authority,Nov-25,540,3541.51,GWh,MW
267,MAHAN TPP,24.0077,82.4172,7688429,Central Electricity Authority,Nov-25,1200,7798,GWh,MW
268,MAHATMA GANDHI TPP,28.49,76.351,6495494,Central Electricity Authority,Nov-25,1320,7600.26,GWh,MW
272,MAITHON RB TPP,23.8209,86.76,6548849,Central Electricity Authority,Nov-25,1050,6844.22,GWh,MW
280,MAQSOODPUR  IPP,28.24440447,79.99754701,443408,Central Electricity Authority,Nov-25,90,368.73,GWh,MW
281,MARWA TPP,22.0708,82.6022,6451431,Central Electricity Authority,Nov-25,1000,6428.29,GWh,MW
283,MEJA STPP,25.1447,81.9415,7440514,Central Electricity Authority,Nov-25,1320,8179.97,GWh,MW
284,MEJIA,23.4639,87.1311,8285901,Central Electricity Authority,Nov-25,1340,8023.07,GWh,MW
285,MEJIA TPS EXT,23.4639,87.1311,6153512,Central Electricity Authority,Nov-25,1000,6287.03,GWh,MW
286,MELAMARUTHUR (MUTHIARA),8.9159,78.1374,5023674,Central Electricity Authority,Nov-25,1200,4845.74,GWh,MW
287,METTUR,11.7696,77.8138,4823207,Central Electricity Authority,Nov-25,840,4527.77,GWh,MW
289,METTUR TPS EXT,11.7696,77.8138,2514795,Central Electricity Authority,Nov-25,600,2552.16,GWh,MW
294,MONARCHAK CCPP,23.438,91.274,213214,Central Electricity Authority,Nov-25,101.02,451.5,GWh,MW
295,MOUDA STPS,21.1797,79.3978,12406115,Central Electricity Authority,Nov-25,2320,13443.47,GWh,MW
300,MUNDRA TPP,22.823,69.5532,24092699,Central Electricity Authority,Nov-25,4620,26556.77,GWh,MW
301,MUNDRA UMPP,22.8158,69.5281,17959106,Central Electricity Authority,Nov-25,4000,21776.03,GWh,MW
303,MUZAFFARPUR,26.1953,85.3017,2746698,Central Electricity Authority,Nov-25,390,2526.12,GWh,MW
310,NABI NAGAR TPP (BRBCL),24.7065,84.0887,6112063,Central Electricity Authority,Nov-25,1000,6553.76,GWh,MW
311,NABI NAGAR STPP (NEW),24.7754,84.1588,11914272,Central Electricity Authority,Nov-25,1980,13267.77,GWh,MW
312,NAMRUP GT,27.1858,95.376,418412,Central Electricity Authority,Nov-25,139.4,850.41,GWh,MW
316,NASHIK,19.9817,73.8896,3205317,Central Electricity Authority,Nov-25,630,2598.07,GWh,MW
319,NAWAPARA,21.92,83.2788,3597579,Central Electricity Authority,Nov-25,600,3510.53,GWh,MW
323,NEYVELI FST EXT,11.5887,79.4611,3416096,Central Electricity Authority,Nov-25,420,2724.75,GWh,MW
325,NEYVELI ST II,11.5576,79.4417,9130329,Central Electricity Authority,Nov-25,1470,5965.96,GWh,MW
326,NEYVELI NEW TPP,11.547055,79.44289,7608898,Central Electricity Authority,Nov-25,1000,6312.46,GWh,MW
327,NEYVELI TPS EXP -II,11.5534,79.4408,1259361,Central Electricity Authority,Nov-25,500,867.97,GWh,MW
328,NEYVELI TPS(Z),11.5401,79.4159,1962451,Central Electricity Authority,Nov-25,250,1522.46,GWh,MW
329,NIGRIE,24.14997,81.904525,7701342,Central Electricity Authority,Nov-25,1320,8909.97,GWh,MW
332,NIWARI TPP,22.958166,78.732893,598598,Central Electricity Authority,Nov-25,90,462.13,GWh,MW
334,NORTH CHENNAI,13.245,80.3257,3105571,Central Electricity Authority,Nov-25,630,2714.18,GWh,MW
335,NORTH CHENNAI EXTENSION,13.245,80.3257,5119622,Central Electricity Authority,Nov-25,1200,4831.51,GWh,MW
338,OBRA-A,24.4448,82.9803,5307249,Central Electricity Authority,Nov-25,1000,4701.91,GWh,MW
342,PAINAMPURAM,14.3512,80.1431,6753562,Central Electricity Authority,Nov-25,1320,7663.15,GWh,MW
344,PALATANA (TRIPURA CCPP),23.4987,91.4385,1509213,Central Electricity Authority,Nov-25,726.6,3703.38,GWh,MW
348,PANIPAT,29.3975,76.8763,4140283,Central Electricity Authority,Nov-25,710,4048.14,GWh,MW
352,PARAS,20.7147,76.7948,2813387,Central Electricity Authority,Nov-25,500,2706.88,GWh,MW
355,PARICHA,25.5124,78.7588,5011107,Central Electricity Authority,Nov-25,920,4897.32,GWh,MW
356,PARLI,18.8685,76.5254,3743194,Central Electricity Authority,Nov-25,750,3473.05,GWh,MW
358,PATHADI TPS PH -I,22.2454,82.7246,3776372,Central Electricity Authority,Nov-25,600,3939.42,GWh,MW
366,PIPAVAV CCCP,20.8986,71.4693,177493,Central Electricity Authority,Nov-25,702,404.97,GWh,MW
371,PRAGATI CCCP -III,28.7962,77.0706,1087534,Central Electricity Authority,Nov-25,1500,2761.83,GWh,MW
372,PRAGATI CCGT,28.6146,77.2528,310324,Central Electricity Authority,Nov-25,330.4,724.83,GWh,MW
374,PRYAGRAJ (BARA) TPP,25.196,81.6594,10912503,Central Electricity Authority,Nov-25,1980,12256.96,GWh,MW
381,R_GUNDEM - B,18.7695,79.4494,28496,Central Electricity Authority,Nov-25,62.5,14.42,GWh,MW
382,R_GUNDEM STPS,18.7572,79.456,13643171,Central Electricity Authority,Nov-25,2600,13809.46,GWh,MW
384,RAGHUNATHPUR TPP PH-I,23.622,86.661,5884218,Central Electricity Authority,Nov-25,1200,6137.81,GWh,MW
385,RAICHUR,16.3532,77.3422,8294950,Central Electricity Authority,Nov-25,1720,7425.1,GWh,MW
386,RAIGARH TPP,21.9846,83.2331,6300189,Central Electricity Authority,Nov-25,1000,6583.1,GWh,MW
387,RAIKHEDA,21.4499,81.8525,7883445,Central Electricity Authority,Nov-25,1370,8479.86,GWh,MW
390,RAJIV GANDHI  TPS HISAR,29.356,75.869,4958390,Central Electricity Authority,Nov-25,1200,5180.48,GWh,MW
391,RAJPURA TPP,30.557,76.577,8145771,Central Electricity Authority,Nov-25,1400,9636.6,GWh,MW
393,RAMGARH GT,27.336,70.538,219691,Central Electricity Authority,Nov-25,273.5,428.81,GWh,MW
399,RATIJA TPP,22.3404,82.493,652400,Central Electricity Authority,Nov-25,100,513.52,GWh,MW
400,RATNAGIRI GAS,17.5587,73.167,488001,Central Electricity Authority,Nov-25,1967.08,1388.14,GWh,MW
401,RAYAL SEEMA,14.704,78.4577,8997621,Central Electricity Authority,Nov-25,1650,8365.91,GWh,MW
404,RIHAND,24.027,82.7915,20877123,Central Electricity Authority,Nov-25,3000,21906.19,GWh,MW
408,ROKHIA GT,23.626,91.1948,139027,Central Electricity Authority,Nov-25,63,181.04,GWh,MW
410,ROPAR,31.0417,76.5847,4599910,Central Electricity Authority,Nov-25,840,4120.83,GWh,MW
411,ROSA TPP PH - 1,27.818,79.936,6584634,Central Electricity Authority,Nov-25,1200,6828.06,GWh,MW
415,SAGARDIGHI TPP,24.3696,88.1046,11651264,Central Electricity Authority,Nov-25,1600,11779.84,GWh,MW
418,SALAYA TPP,22.3049,69.7101,4879927,Central Electricity Authority,Nov-25,1200,5332.62,GWh,MW
423,SANJAY GANDHI,23.3026,81.0668,8428819,Central Electricity Authority,Nov-25,1340,7787.1,GWh,MW
424,SANTALDIH,23.6013,86.4666,3684172,Central Electricity Authority,Nov-25,500,3799.46,GWh,MW
426,SASAN UMPP,23.9784,82.6275,26935499,Central Electricity Authority,Nov-25,3960,29510.86,GWh,MW
427,SATPURA,22.11,78.173,3365095,Central Electricity Authority,Nov-25,1330,3435.29,GWh,MW
429,SEIONI TPP,22.7355,79.9123,2746667,Central Electricity Authority,Nov-25,600,2929.21,GWh,MW
430,SEMBCORP GAYATRI,14.351,80.1443,7976506,Central Electricity Authority,Nov-25,1320,8986.35,GWh,MW
440,SHIRPUR,21.15103,74.854206,1294313,Central Electricity Authority,Nov-25,300,1345.71,GWh,MW
444,Shri Singaji MALWA TPP,22.0971,76.5317,13883942,Central Electricity Authority,Nov-25,2520,14184.38,GWh,MW
445,SIKKA REP.,22.4208,69.8276,831284,Central Electricity Authority,Nov-25,500,789.84,GWh,MW
446,SIMHADRI,17.591,83.0917,11152035,Central Electricity Authority,Nov-25,2000,11456.22,GWh,MW
447,SIMHAPURI TPP,14.2133,80.0838,2998253,Central Electricity Authority,Nov-25,600,2908.51,GWh,MW
448,SINGARENI TPP,18.8372,79.5748,6955301,Central Electricity Authority,Nov-25,1200,7501.08,GWh,MW
450,SINGRAULI STPS,24.1033,82.7068,14140251,Central Electricity Authority,Nov-25,2000,14419.16,GWh,MW
452,SIPAT STPS,22.13,82.293,19865158,Central Electricity Authority,Nov-25,2980,21628.19,GWh,MW
455,SOLAPUR STPP,31.7537,77.246,5884279,Central Electricity Authority,Nov-25,1320,6287.97,GWh,MW
459,SOUTHERN REPL.,22.5488,88.2926,474246,Central Electricity Authority,Nov-25,135,399.38,GWh,MW
464,STERLITE TPP,21.8144,84.0404,2265269,Central Electricity Authority,Nov-25,600,2243.31,GWh,MW
466,SUGEN CCCP,21.3395,72.9889,1251571,Central Electricity Authority,Nov-25,1147.5,3312,GWh,MW
468,SURAT LIG.,21.397,73.106,3418559,Central Electricity Authority,Nov-25,500,2761.52,GWh,MW
469,SURATGARH,29.179,74.0202,13136823,Central Electricity Authority,Nov-25,2820,13446.89,GWh,MW
472,SVPL,22.2915,82.5257,483498,Central Electricity Authority,Nov-25,63,320,GWh,MW
477,TALCHER STPS,21.0966,85.074,19123180,Central Electricity Authority,Nov-25,3000,20004.87,GWh,MW
478,TALWANDI SABO,29.924,75.2372,9276654,Central Electricity Authority,Nov-25,1980,10230.94,GWh,MW
479,TAMNAR TPP,22.0987,83.4513,16383683,Central Electricity Authority,Nov-25,2400,18026.67,GWh,MW
481,TANDA,26.586,82.602,9721603,Central Electricity Authority,Nov-25,1760,9916.42,GWh,MW
492,TENUGHAT,23.7573,85.8936,2197007,Central Electricity Authority,Nov-25,420,2022.84,GWh,MW
493,THAMMINAPATNAM TPP,14.2133,80.0838,304949,Central Electricity Authority,Nov-25,300,230.39,GWh,MW
497,TIRORA TPP,21.4129,79.9671,18744810,Central Electricity Authority,Nov-25,3300,20391.59,GWh,MW
499,TORANGALLU EXT,15.1839,76.6622,2360661,Central Electricity Authority,Nov-25,600,2602.98,GWh,MW
500,TORANGALLU IMP,15.1839,76.6622,1312155,Central Electricity Authority,Nov-25,260,1481.78,GWh,MW
501,TORR POWER SAB.,23.0701,72.5933,2330654,Central Electricity Authority,Nov-25,362,2358.15,GWh,MW
503,TROMBAY GT,19.0018,72.8967,601001,Central Electricity Authority,Nov-25,180,1438.76,GWh,MW
504,TROMBAY_Coal,19.0004,72.8983,2765167,Central Electricity Authority,Nov-25,750,2981.63,GWh,MW
507,TUTICORIN,8.7635,78.1753,5872752,Central Electricity Authority,Nov-25,1050,5389.82,GWh,MW
509,TUTICORIN JV,8.7603,78.1699,5056729,Central Electricity Authority,Nov-25,1000,4848.12,GWh,MW
510,TUTICORIN JV  Stage-IV,8.75531057,78.15803095,2614247,Central Electricity Authority,Nov-25,525,2858,GWh,MW
513,UCHPINDA TPP,21.8858,83.1215,7325048,Central Electricity Authority,Nov-25,1440,6897.13,GWh,MW
514,UDUPI TPP,13.1596,74.8002,4502929,Central Electricity Authority,Nov-25,1200,5091.01,GWh,MW
517,UKAI_Coal,21.2093,73.5574,5288919,Central Electricity Authority,Nov-25,1110,5222.14,GWh,MW
521,UNCHAHAR,25.9131,81.3274,9551800,Central Electricity Authority,Nov-25,1550,8907.53,GWh,MW
522,UNO SUGEN,21.3411,72.9895,246248,Central Electricity Authority,Nov-25,382.5,662.2,GWh,MW
527,URAN GT,18.88,72.9715,1092409,Central Electricity Authority,Nov-25,672,2410.93,GWh,MW
531,UTRAN CCCP EXT,21.2285,72.8705,127414,Central Electricity Authority,Nov-25,374,305.25,GWh,MW
533,UTRAULA TPP,27.3455,82.3166,406567,Central Electricity Authority,Nov-25,90,338.65,GWh,MW
537,VALLUR ntpc/ntecl,13.2371,80.3023,7898904,Central Electricity Authority,Nov-25,1500,7997.94,GWh,MW
538,VALUTHUR GT,9.3484,78.9235,439469,Central Electricity Authority,Nov-25,186.2,890.64,GWh,MW
542,VIJAYWADA,16.5984,80.537,13920220,Central Electricity Authority,Nov-25,2060,13159.87,GWh,MW
544,VINDH_CHAL STPS,24.0983,82.6719,32996108,Central Electricity Authority,Nov-25,4760,33983.21,GWh,MW
547,VIZAG TPP,17.5635,83.1382,3617447,Central Electricity Authority,Nov-25,1040,3643.33,GWh,MW
548,WANAKBORI,22.8725,73.3588,10601092,Central Electricity Authority,Nov-25,2270,9320.91,GWh,MW
549,WARDHA WARORA(Sai Wardha Power),20.2727,78.9792,3723115,Central Electricity Authority,Nov-25,540,3522.31,GWh,MW
552,YAMUNANAGAR TPP,30.1081,77.3257,2926725,Central Electricity Authority,Nov-25,600,3038.76,GWh,MW
554,YERMARUS TPP,16.2949,77.3568,5173693,Central Electricity Authority,Nov-25,1600,5434.7,GWh,MW
556,JAWAHARPUR STPP,27.497098,78.826071,1871426,Central Electricity Authority,Nov-25,1320,2115.01,GWh,MW
558,NORTH KARANPURA,23.850772,85.012411,8703416,Central Electricity Authority,Nov-25,1320,9148.07,GWh,MW
559,OBRA-C STPP,24.4445803,82.9803325,2287261,Central Electricity Authority,Nov-25,660,2540.64,GWh,MW
560,SHREE CEMENT,26.073889,74.385,1273202,Central Electricity Authority,Nov-25,300,1306.4,GWh,MW
564,TELANGANA STPP,18.75146,79.471916,8384675,Central Electricity Authority,Nov-25,1600,9691.9,GWh,MW
567,OPG POWER GENERATION PRIVATE,13.437422,80.09788,2427370,Central Electricity Authority,Nov-25,414,2117.29,GWh,MW
569,YADADRI TPS,16.708219,79.581184,492634,Central Electricity Authority,Nov-25,800,455.15,GWh,MW
570,GHATAMPUR TPP,25.975,80.1889,884777,Central Electricity Authority,Nov-25,660,981.32,GWh,MW
571,KHURJA STPP,28.158333,77.908333,717110,Central Electricity Authority,Nov-25,660,815.68,GWh,MW
572,Maadurga Thermal Power Company Ltd.,20.57622,86.020728,272965,Central Electricity Authority,Nov-25,60,175.81,GWh,MW
573,YELHANKA CCPP,13.117556,77.581875,117086,Central Electricity Authority,Nov-25,370.05,298.13,GWh,MW
